Manufacturer Name,Model_Name,Category of UAS,Sub Category of UAS,Class of UAS
3DR,S110A,ROTORCRAFT,RPAS,SMALL
4DRC,MARK300,ROTORCRAFT,RPAS,MICRO
Aarav unmanned systems Pvt Ltd,AUS T5OOi,AEROPLANE,RPAS,SMALL
Aarav unmanned systems Pvt Ltd,Insight 1.0,ROTORCRAFT,RPAS,SMALL
Aarav unmanned systems Pvt Ltd,Insight 2.0,ROTORCRAFT,RPAS,SMALL
Aarav unmanned systems Pvt Ltd,Insight 2.1,ROTORCRAFT,RPAS,SMALL
Aarav unmanned systems Pvt Ltd,Sparrow-RTK,AEROPLANE,RPAS,MICRO
ACCEL UAV Pvt. Ltd.,ACE1,ROTORCRAFT,RPAS,SMALL
ACSL,PF2,ROTORCRAFT,RPAS,SMALL
Aero Drone Technologies Pvt Ltd,A410,ROTORCRAFT,RPAS,SMALL
Aero Drone Technologies Pvt Ltd,A610,ROTORCRAFT,RPAS,MICRO
AEROAEON AVIONICS PVT LTD,DX,ROTORCRAFT,RPAS,SMALL
Aerosys Aviation India Private Limited,VEDANSH,ROTORCRAFT,RPAS,MICRO
Aeroworks,YAK 54,AEROPLANE,RPAS,SMALL
AFI Technology,AGRICULTURAL DRONE,ROTORCRAFT,RPAS,MICRO
Aibotix GmbH,AIBOTIX X6 V2,ROTORCRAFT,RPAS,SMALL
AIRSELFIE LIMITED,AIRSELFIE2 AS02,AEROPLANE,RPAS,MICRO
Airserve Initiatives LLP,AS100S,ROTORCRAFT,RPAS,MICRO
Align,ALIGN T-REX 150X,ROTORCRAFT,RPAS,MICRO
Align,ALIGN T-REX 450LP,ROTORCRAFT,RPAS,MICRO
Align,ALIGN T-REX 500X,ROTORCRAFT,RPAS,MICRO
Align,ALIGN T-REX 600X,ROTORCRAFT,RPAS,MICRO
Align,ALIGN T-REX 700N DFC,ROTORCRAFT,RPAS,MICRO
Anna University Centre for Aerospace r,DH-FW-M5,AEROPLANE,RPAS,MICRO
Anna University Centre for Aerospace r,DH-Q4,ROTORCRAFT,RPAS,MICRO
ANRA Technologies,AN -SIGLIFT,HYBRID,RPAS,MICRO
ANRA Technologies,AN -SIGLIFT MINI,ROTORCRAFT,RPAS,MICRO
Ansari Precision Instruments Pvt Ltd,TRINITY F90+,HYBRID,RPAS,SMALL
Asteria Aerospace Pvt Ltd,A200,ROTORCRAFT,RPAS,MICRO
Asteria Aerospace Pvt Ltd,A200 GEO,ROTORCRAFT,RPAS,MICRO
Asteria Aerospace Pvt Ltd,A200-XT,ROTORCRAFT,RPAS,MICRO
Asteria Aerospace Pvt Ltd,A400,ROTORCRAFT,RPAS,SMALL
Asteria Aerospace Pvt Ltd,A400-038,ROTORCRAFT,RPAS,SMALL
Asteria Aerospace Pvt Ltd,A400-MAX,ROTORCRAFT,RPAS,SMALL
Asteria Aerospace Pvt Ltd,A410,ROTORCRAFT,RPAS,SMALL
Asteria Aerospace Pvt Ltd,A410-XT,ROTORCRAFT,RPAS,SMALL
Asteria Aerospace Pvt Ltd,ASTERIA A400 THERMAL,ROTORCRAFT,RPAS,MICRO
Asteria Aerospace Pvt Ltd,AT05,HYBRID,RPAS,SMALL
Asteria Aerospace Pvt Ltd,QUAD 1,ROTORCRAFT,RPAS,SMALL
ATTOP,X-PACK 1,ROTORCRAFT,RPAS,NANO
Auldey,SKY ROVER,ROTORCRAFT,RPAS,MICRO
Autel Robotics,Autel Evo II Dual,ROTORCRAFT,RPAS,MICRO
Autel Robotics,EVO,ROTORCRAFT,RPAS,MICRO
Autel Robotics,EVO II,ROTORCRAFT,RPAS,MICRO
Autel Robotics,EVO II 8K,ROTORCRAFT,RPAS,MICRO
Autel Robotics,EVO II PRO,ROTORCRAFT,RPAS,MICRO
AutoMicroUAS Aerotech Pvt Ltd,BEE,ROTORCRAFT,RPAS,SMALL
AutoMicroUAS Aerotech Pvt Ltd,VARGUS 2M,ROTORCRAFT,RPAS,SMALL
AutoMicroUAS Aerotech Pvt Ltd,VARGUS 3M,ROTORCRAFT,RPAS,SMALL
AutoMicroUAS Aerotech Pvt Ltd,VARGUS LWTQ,ROTORCRAFT,RPAS,SMALL
AutoMicroUAS Aerotech Pvt Ltd,VARGUS LWTQ Training RPA,ROTORCRAFT,RPAS,SMALL
AutoMicroUAS Aerotech Pvt Ltd,VARGUS SKTACT,AEROPLANE,RPAS,MICRO
AutoMicroUAS Aerotech Pvt Ltd,VARGUS SKTACT2,AEROPLANE,RPAS,MICRO
AutoMicroUAS Aerotech Pvt Ltd,VARGUS SKTACT3,AEROPLANE,RPAS,SMALL
AutoMicroUAS Aerotech Pvt Ltd,Vargus TQ,ROTORCRAFT,RPAS,MICRO
BEAST,SG906,ROTORCRAFT,RPAS,MICRO
Beijing Fimi Technology Co Ltd,FIMI A3,ROTORCRAFT,RPAS,MICRO
Beijing Fimi Technology Co Ltd,FIMI X8 MINI,ROTORCRAFT,RPAS,MICRO
Beijing Fimi Technology Co Ltd,FIMI X8 SE,ROTORCRAFT,RPAS,MICRO
Beijing Fimi Technology Co Ltd,FIMI X8SE 2020,ROTORCRAFT,RPAS,MICRO
Beijing Fimi Technology Co Ltd,MI DRONE 4K,ROTORCRAFT,RPAS,MICRO
BETA FPV,BETA 75,ROTORCRAFT,RPAS,NANO
BETA FPV,"BETA 75X WHOOP
 QUADCOPTE",ROTORCRAFT,RPAS,NANO
BETA FPV,"BETA65 BNF MICRO WHOOP
 QU",ROTORCRAFT,RPAS,NANO
BETA FPV,"BETA75S BNF MICRO WHOOP
 Q",ROTORCRAFT,RPAS,NANO
BETA FPV,"BETA85X HD WHOOP
 QUADCOP",ROTORCRAFT,RPAS,NANO
BETA FPV,BETA85X V2,ROTORCRAFT,RPAS,MICRO
BETA FPV,HX100,ROTORCRAFT,RPAS,NANO
BETA FPV,HX115,ROTORCRAFT,RPAS,NANO
BETA FPV,HX115 115MM HD TOOTHPICK,ROTORCRAFT,RPAS,NANO
Biplane Infrared,TW-782 BIPLANE,AEROPLANE,RPAS,MICRO
Bitcraze,CRAZYFLIES 2.0,ROTORCRAFT,RPAS,NANO
Bitcraze,CRAZYFLIES 2.1,ROTORCRAFT,RPAS,NANO
BLADE,350 QX,ROTORCRAFT,RPAS,MICRO
BLADE,350 QX2,ROTORCRAFT,RPAS,MICRO
BLADE WARRIOR,RadioShack Blade Warrior RC In,ROTORCRAFT,RPAS,NANO
BlitzRC works,A-4 Skyhawk,AEROPLANE,RPAS,MICRO
BOOMERANG JETS,BOOMERANG SPRINT JET,AEROPLANE,RPAS,SMALL
CARF MODEL,VIPERJET MK II,AEROPLANE,RPAS,SMALL
Carl Goldberg,TIGER 2,AEROPLANE,RPAS,SMALL
Casca E-Connect Private Limited,EKLAVYA,ROTORCRAFT,RPAS,SMALL
C-Astral Aerospace Ltd.,BRAMOR ppX,AEROPLANE,RPAS,SMALL
CBAI Technologies Private Limited,Model A,AEROPLANE,RPAS,MICRO
CBAI Technologies Private Limited,MODEL V,ROTORCRAFT,RPAS,SMALL
CD SPACE ROBOTICS PVT LTD,SNAP-L,ROTORCRAFT,RPAS,SMALL
CD SPACE ROBOTICS PVT LTD,SNAP-M,ROTORCRAFT,RPAS,MICRO
Cessna,FX-801,AEROPLANE,RPAS,NANO
Challenge Aerobatic,PHANTOM D5HW,ROTORCRAFT,RPAS,MICRO
Cheerson,CX-10,ROTORCRAFT,RPAS,MICRO
Cheerson,CX-20,ROTORCRAFT,RPAS,MICRO
CMP,SPITFIRE,AEROPLANE,RPAS,SMALL
Contixo,F22,ROTORCRAFT,RPAS,MICRO
Coretronic Intelligent Robotics Corpora,KESTREL (G5.1),ROTORCRAFT,RPAS,SMALL
Cyient Solutions and Systems Private Li,SPYLITE,AEROPLANE,RPAS,SMALL
DarwinFPV,DARWIN79,ROTORCRAFT,RPAS,MICRO
D'AVIATORS LLP,DRISHTI 2.0v,ROTORCRAFT,RPAS,SMALL
D'AVIATORS LLP,DRISHTI UAV,ROTORCRAFT,RPAS,MICRO
Daybest Research Private Limited,KRISHAKTI,ROTORCRAFT,RPAS,SMALL
Detect Technologies Private Limited,NOCTUA DAX,ROTORCRAFT,RPAS,SMALL
Diatone,ROMA F5 V2,ROTORCRAFT,RPAS,MICRO
Dirtworks Positioning,P550,ROTORCRAFT,RPAS,SMALL
Drona Aviation Private Limited,PLUTO,ROTORCRAFT,RPAS,NANO
Drona Aviation Private Limited,PLUTO 1.2,ROTORCRAFT,RPAS,NANO
Drona Aviation Private Limited,PLUTO X,ROTORCRAFT,RPAS,NANO
DRONE AEROSPACE SYSTEMS,FLYING FOX,ROTORCRAFT,RPAS,SMALL
Drone Destination Private Limited,DD-100,ROTORCRAFT,RPAS,MICRO
Drone Destination Private Limited,DD-100T,ROTORCRAFT,RPAS,MICRO
Drone Destination Private Limited,DD-101,ROTORCRAFT,RPAS,SMALL
Drone Destination Private Limited,DD-200,ROTORCRAFT,RPAS,SMALL
Drone Destination Private Limited,DD-200 MAPPER,ROTORCRAFT,RPAS,SMALL
Drone Destination Private Limited,DD-200-MP,ROTORCRAFT,RPAS,SMALL
Drone Destination Private Limited,DD-400,AEROPLANE,RPAS,SMALL
Drone Destination Private Limited,DD-500,HYBRID,RPAS,SMALL
Drone Destination Private Limited,DD-800,HYBRID,RPAS,SMALL
Drone Destination Private Limited,DD-800X,HYBRID,RPAS,SMALL
Drone Destination Private Limited,DD-AGRISTAR,ROTORCRAFT,RPAS,SMALL
Drone Destination Private Limited,DD-MASTER,ROTORCRAFT,RPAS,SMALL
Dronobotics Aviation Developers LLP,GURU-001,ROTORCRAFT,RPAS,MICRO
Dronobotics Aviation Developers LLP,GURU-QM,ROTORCRAFT,RPAS,MICRO
DTown Robotics Private Limited,PUSHPAK 1,ROTORCRAFT,RPAS,NANO
DTown Robotics Private Limited,PUSHPAK 2,ROTORCRAFT,RPAS,NANO
DTown Robotics Private Limited,PUSHPAK 3,ROTORCRAFT,RPAS,MICRO
DualSky,EXTRA 330 SC,AEROPLANE,RPAS,MICRO
EACHINE,E511S GPS,ROTORCRAFT,RPAS,MICRO
EACHINE,E56,ROTORCRAFT,RPAS,MICRO
EACHINE,E58,ROTORCRAFT,RPAS,NANO
EACHINE,"EACHINE H8 MINI HEADLESS
 MO",ROTORCRAFT,RPAS,NANO
EACHINE,EACHINE TYRO99,ROTORCRAFT,RPAS,MICRO
EACHINE,EACHINE US65 UK65,ROTORCRAFT,RPAS,NANO
EACHINE,RACER 250,ROTORCRAFT,RPAS,MICRO
EACHINE,TYRO129,ROTORCRAFT,RPAS,NANO
Eagletronics Aviation Private Limited,EA 10H,ROTORCRAFT,RPAS,MICRO
Eagletronics Aviation Private Limited,GARUD,ROTORCRAFT,RPAS,SMALL
EBOYU,LF606,ROTORCRAFT,RPAS,MICRO
EDALL SYSTEMS,SPIDEX 600 MKI,ROTORCRAFT,RPAS,MICRO
EDALL SYSTEMS,SPIDEX-600,ROTORCRAFT,RPAS,MICRO
EDALL SYSTEMS,WHITEHAWK,ROTORCRAFT,RPAS,MICRO
EFLITE,CIRRUS SR22T,AEROPLANE,RPAS,MICRO
EFLITE,COMMANDER,AEROPLANE,RPAS,MICRO
EFLITE,MINI FUNTANA X 3D,AEROPLANE,RPAS,MICRO
EFLITE,SUKHOI SU-29MM,AEROPLANE,RPAS,SMALL
EFLITE,T-28 TROJAN,AEROPLANE,RPAS,MICRO
EFLITE,UMX A-10,AEROPLANE,RPAS,MICRO
EFLITE,UMX P3 REVOLUTION,AEROPLANE,RPAS,NANO
EFLITE,X-VERT VTOL,AEROPLANE,RPAS,MICRO
EFT ELECTRONIC TECHNOLOGY CO LTD,E610P,ROTORCRAFT,RPAS,MICRO
Electrobotic,HASTEN 720,ROTORCRAFT,RPAS,NANO
Electrobotic,QUAD V-18,ROTORCRAFT,RPAS,NANO
Emax,BABYHAWK R,ROTORCRAFT,RPAS,NANO
Emax,TINYHAWK,ROTORCRAFT,RPAS,NANO
Enercomp Solutions Private Limited,BAAZ,AEROPLANE,RPAS,MICRO
Enercomp Solutions Private Limited,CHEEL,AEROPLANE,RPAS,MICRO
Enercomp Solutions Private Limited,SARAS,AEROPLANE,RPAS,MICRO
ESM,ME-109,AEROPLANE,RPAS,SMALL
ESM,P-51D Mustang Gunfighter,AEROPLANE,RPAS,SMALL
Extreme Flight,SLICK 580 EXP,AEROPLANE,RPAS,SMALL
Eyewatch Technologies Private Limited,BLACK CAT,ROTORCRAFT,RPAS,SMALL
Eyewatch Technologies Private Limited,SPYDER A6,ROTORCRAFT,RPAS,SMALL
FALCON,XY017,ROTORCRAFT,RPAS,NANO
Flatana,FLATANA 3D,AEROPLANE,RPAS,NANO
Flyability SA,ELIOS 2,ROTORCRAFT,RPAS,MICRO
FLYFLY,GeeBee,AEROPLANE,RPAS,MICRO
FlyingMachines,QF-450,ROTORCRAFT,RPAS,MICRO
FMS,MOA GLIDER,AEROPLANE,RPAS,MICRO
FOXTECH TRADE CO LTD,"EAGEL HERO VTOL ARF
 COMBO",HYBRID,RPAS,SMALL
FOXTECH TRADE CO LTD,HOVER 1,ROTORCRAFT,RPAS,MICRO
FOXTECH TRADE CO LTD,NIMBUS VTOL V2,HYBRID,RPAS,SMALL
Freefly Systems,ALTA X,ROTORCRAFT,RPAS,MICRO
Freewing,DE HAVILLAND MOSQUITO,AEROPLANE,RPAS,MICRO
Fulaiying,X52HD MAGIC SPEED,ROTORCRAFT,RPAS,NANO
FUNSNAP,Idol Drone,ROTORCRAFT,RPAS,MICRO
FVK,BANDIT,AEROPLANE,RPAS,MICRO
GARUDAN UNMANNED SYSTEM PRIVA,VAANVILI VS4,ROTORCRAFT,RPAS,SMALL
GDU Tech Co Ltd,GDU SAGA,ROTORCRAFT,RPAS,SMALL
General Aeronautics Pvt Ltd,GA,ROTORCRAFT,RPAS,SMALL
General Aeronautics Pvt Ltd,GA01-EA02,AEROPLANE,RPAS,SMALL
General Aeronautics Pvt Ltd,KRISHAK,ROTORCRAFT,RPAS,MEDIUM
GoPro Inc,KARMA,ROTORCRAFT,RPAS,MICRO
Graupner,ME108,AEROPLANE,RPAS,SMALL
Great Planes,EASY SPORTS 40,AEROPLANE,RPAS,MICRO
Great Planes,SUPERSPORTSTER 60,AEROPLANE,RPAS,SMALL
Gryphon Dynamics,GD-18X,ROTORCRAFT,RPAS,SMALL
GTENG,T908W,ROTORCRAFT,RPAS,NANO
Guangzhou EHang Intelligence Technol,GHOSTDRONE 2.0,ROTORCRAFT,RPAS,NANO
"Guangzhou Walkera Technology Co., Lt",GENIUSCP,ROTORCRAFT,RPAS,NANO
"Guangzhou Walkera Technology Co., Lt",LADYBIRD,ROTORCRAFT,RPAS,NANO
"Guangzhou Walkera Technology Co., Lt",MINI CP,ROTORCRAFT,RPAS,NANO
"Guangzhou Walkera Technology Co., Lt",QR 350XPRO,ROTORCRAFT,RPAS,MICRO
"Guangzhou Walkera Technology Co., Lt",SUPERCP,ROTORCRAFT,RPAS,NANO
"Guangzhou Walkera Technology Co., Lt",V120D02S,ROTORCRAFT,RPAS,NANO
Guillow's,PIPER CHEROKEE 140,AEROPLANE,RPAS,NANO
Hacker,PARA-RC CLOUD,AEROPLANE,RPAS,SMALL
Happymodel,MOBULA6,ROTORCRAFT,RPAS,NANO
HAWKEYE,GD-115HWF,AEROPLANE,RPAS,NANO
HDRC,D8RONE,ROTORCRAFT,RPAS,MICRO
HeHengDa Toys,H6 2-in-1,ROTORCRAFT,RPAS,NANO
HELICUTE,"H805C X-DRONE SCOUT i-
 DRON",ROTORCRAFT,RPAS,NANO
HELIWAY,HELIWAY,ROTORCRAFT,RPAS,NANO
HENG XIANG,HX750,ROTORCRAFT,RPAS,NANO
Hiller,H-480 NITRO,ROTORCRAFT,RPAS,SMALL
Hiller,HILLER 450,ROTORCRAFT,RPAS,MICRO
Hiller,HILLER HOVER,ROTORCRAFT,RPAS,MICRO
Hirobo,SHUTTLE SCEADU,ROTORCRAFT,RPAS,SMALL
HiSky,HCP100,ROTORCRAFT,RPAS,NANO
HiSky,HCP100S,ROTORCRAFT,RPAS,NANO
HiSky,HCP60,ROTORCRAFT,RPAS,NANO
HiSky,HCP80,ROTORCRAFT,RPAS,NANO
HJHRC,HJ14,ROTORCRAFT,RPAS,NANO
Hobbico,C-ME,AEROPLANE,RPAS,MICRO
HOBBY KING,AXN FLOATER JET,AEROPLANE,MODEL RPAS,MICRO
HOBBY KING,B-17 FLYING FORTRESS,AEROPLANE,MODEL RPAS,SMALL
HOBBY KING,BIXLER 2,AEROPLANE,MODEL RPAS,MICRO
HOBBY KING,BIXLER V1.1,ROTORCRAFT,MODEL RPAS,MICRO
HOBBY KING,CUCKOO,ROTORCRAFT,MODEL RPAS,NANO
HOBBY KING,DURAFLY™ BRAVADO,AEROPLANE,MODEL RPAS,MICRO
HOBBY KING,EFXtra,ROTORCRAFT,MODEL RPAS,MICRO
HOBBY KING,FISH,ROTORCRAFT,MODEL RPAS,MICRO
HOBBY KING,HK500GT,ROTORCRAFT,MODEL RPAS,MICRO
HOBBY KING,MINI SKYWALKER,AEROPLANE,MODEL RPAS,NANO
HOBBY KING,PARAMOTOR,ROTORCRAFT,MODEL RPAS,SMALL
HOBBY KING,RAD JET,ROTORCRAFT,MODEL RPAS,MICRO
HOBBY KING,SATURN,ROTORCRAFT,MODEL RPAS,NANO
HOBBY KING,SBACH 342 GAS,AEROPLANE,MODEL RPAS,SMALL
HOBBY KING,SKYSURFER EPO GLIDER,AEROPLANE,MODEL RPAS,NANO
HOBBY KING,VOUGHT F4U CORSAIR,AEROPLANE,MODEL RPAS,MICRO
HOBBY KING,"X-DART INDOOR OUTDOOR
 MIC",ROTORCRAFT,MODEL RPAS,NANO
HOBBY KING,YAK54 EPP,AEROPLANE,MODEL RPAS,MICRO
Hobby Zone,HBZ5300 DUET RTF,AEROPLANE,MODEL RPAS,MICRO
Hobby Zone,SUPER CUB,AEROPLANE,MODEL RPAS,SMALL
HOLY STONE,F181,ROTORCRAFT,MODEL RPAS,MICRO
HOLY STONE,F181W,ROTORCRAFT,MODEL RPAS,NANO
HOLY STONE,HS100,ROTORCRAFT,MODEL RPAS,MICRO
HOLY STONE,HS120D,ROTORCRAFT,MODEL RPAS,NANO
HOLY STONE,HS160,ROTORCRAFT,MODEL RPAS,MEDIUM
HOLY STONE,HS161,ROTORCRAFT,MODEL RPAS,NANO
HOLY STONE,HS370,ROTORCRAFT,MODEL RPAS,NANO
HOLY STONE,HS700,ROTORCRAFT,MODEL RPAS,LARGE
HOLY STONE,HS700D,ROTORCRAFT,MODEL RPAS,MICRO
HOLY STONE,HS720,ROTORCRAFT,MODEL RPAS,MICRO
HOLY STONE,HS720E,ROTORCRAFT,MODEL RPAS,MICRO
Horizon Hobby,BLADE 200 QX,ROTORCRAFT,MODEL RPAS,NANO
Horizon Hobby,BLADE 200 SR X,AEROPLANE,MODEL RPAS,MICRO
Horizon Hobby,BLADE 230 S,ROTORCRAFT,MODEL RPAS,MICRO
Horizon Hobby,BLADE NANO QX,ROTORCRAFT,MODEL RPAS,MICRO
Horizon Hobby,BLADE TORRENT 110 FPV,ROTORCRAFT,MODEL RPAS,MICRO
Horizon Hobby,CARBON CUB S+,AEROPLANE,MODEL RPAS,MICRO
Horizon Hobby,CONVERGENCE HKG,ROTORCRAFT,MODEL RPAS,MICRO
Horizon Hobby,"CONVERGENCE VTOL BNF
 BASIC",AEROPLANE,MODEL RPAS,MICRO
Horizon Hobby,F16 70,AEROPLANE,MODEL RPAS,MICRO
Horizon Hobby,SLOWSTICK,AEROPLANE,MODEL RPAS,MICRO
Horizon Hobby,SPORT CUB S2,AEROPLANE,MODEL RPAS,NANO
HSD JET,"HSDJETS EDF 105MM SUPER
 VIP",AEROPLANE,RPAS,SMALL
Hubblefly Technologies Private Limited,HEAVEN,ROTORCRAFT,RPAS,MICRO
Hubblefly Technologies Private Limited,SKYSTAR,HYBRID,RPAS,SMALL
Hubblefly Technologies Private limited,STAREDGE,ROTORCRAFT,RPAS,SMALL
Hubblefly Technologies Private Limited,STARLITE,ROTORCRAFT,RPAS,MICRO
HUBSAN,H107D FPV X4,ROTORCRAFT,RPAS,MICRO
HUBSAN,H111 NANO Q4,ROTORCRAFT,RPAS,NANO
HUBSAN,H501C,ROTORCRAFT,RPAS,MICRO
HUBSAN,H501S,ROTORCRAFT,RPAS,MICRO
HUBSAN,H501S STANDARD EDITION,ROTORCRAFT,RPAS,MICRO
HUBSAN,HUSBAN X4,ROTORCRAFT,RPAS,MICRO
HUBSAN,HUSBAN ZINO,ROTORCRAFT,RPAS,MICRO
HUBSAN,ZINO MINI PRO,ROTORCRAFT,RPAS,NANO
HUBSAN,ZINO PRO,ROTORCRAFT,RPAS,MICRO
HYPERION,EDGE 540T,AEROPLANE,RPAS,MICRO
ideaForge Technology Pvt Ltd,EE120153,ROTORCRAFT,RPAS,MICRO
ideaForge Technology Pvt Ltd,NETRA PRO,ROTORCRAFT,RPAS,SMALL
ideaForge Technology Pvt Ltd,NETRA PRO UAV,ROTORCRAFT,RPAS,SMALL
ideaForge Technology Pvt Ltd,NETRA Q2,ROTORCRAFT,RPAS,SMALL
ideaForge Technology Pvt Ltd,NETRA V2.1 CW-001,ROTORCRAFT,RPAS,MICRO
ideaForge Technology Pvt Ltd,NETRAV1,ROTORCRAFT,RPAS,MICRO
ideaForge Technology Pvt Ltd,NETRAV2,ROTORCRAFT,RPAS,SMALL
ideaForge Technology Pvt Ltd,NETRAV3,ROTORCRAFT,RPAS,SMALL
ideaForge Technology Pvt Ltd,NINJA UAV,ROTORCRAFT,RPAS,MICRO
ideaForge Technology Pvt Ltd,NX-001A,ROTORCRAFT,RPAS,SMALL
ideaForge Technology Pvt Ltd,NX-001B,ROTORCRAFT,RPAS,SMALL
ideaForge Technology Pvt Ltd,PRO,ROTORCRAFT,RPAS,SMALL
ideaForge Technology Pvt Ltd,Q SERIES,ROTORCRAFT,RPAS,SMALL
ideaForge Technology Pvt Ltd,Q SERIES UAV,ROTORCRAFT,RPAS,SMALL
ideaForge Technology Pvt Ltd,Q2C,ROTORCRAFT,RPAS,SMALL
ideaForge Technology Pvt Ltd,Q2C_HD,ROTORCRAFT,RPAS,SMALL
ideaForge Technology Pvt Ltd,Q2HD,ROTORCRAFT,RPAS,SMALL
ideaForge Technology Pvt Ltd,Q4C,ROTORCRAFT,RPAS,SMALL
ideaForge Technology Pvt Ltd,Q4i,ROTORCRAFT,RPAS,SMALL
ideaForge Technology Pvt Ltd,Q4I-MICRO,ROTORCRAFT,RPAS,MICRO
ideaForge Technology Pvt Ltd,Q6,ROTORCRAFT,RPAS,SMALL
ideaForge Technology Pvt Ltd,RYNO UAV,ROTORCRAFT,RPAS,MICRO
ideaForge Technology Pvt Ltd,SWITCH UAV,ROTORCRAFT,RPAS,SMALL
ideaForge Technology Pvt Ltd,SWITCH V1,ROTORCRAFT,RPAS,SMALL
Ikran Aerospace and Technologies OPC,RAAYA EV1,ROTORCRAFT,RPAS,SMALL
Ikran Aerospace and Technologies OPC,SIRIN MA1,ROTORCRAFT,RPAS,SMALL
Ikran Aerospace and Technologies OPC,SIRIN SA1,ROTORCRAFT,RPAS,SMALL
IndoWings Pvt Ltd,CYBERONE,ROTORCRAFT,RPAS,SMALL
Indrones Solutions Private Limited,SIGMA 25,ROTORCRAFT,RPAS,MICRO
Indrones Solutions Private Limited,SIGMA 55,ROTORCRAFT,RPAS,MICRO
Indrones Solutions Private Limited,SIGMA 75,ROTORCRAFT,RPAS,SMALL
IoTechWorld Avigation Pvt Ltd,AGRIBOT,ROTORCRAFT,RPAS,SMALL
IoTechWorld Avigation Pvt Ltd,DRISHTI,ROTORCRAFT,RPAS,MICRO
IoTechWorld Avigation Pvt Ltd,SURVEYBOT,ROTORCRAFT,RPAS,SMALL
IZI,SG700,ROTORCRAFT,RPAS,NANO
JIE STAR,SKYHUNTER X8,ROTORCRAFT,RPAS,NANO
JJRC,BELLWETHER,ROTORCRAFT,RPAS,MICRO
JJRC,BLUE CRAB,ROTORCRAFT,RPAS,MICRO
JJRC,H31,ROTORCRAFT,RPAS,NANO
JJRC,H36,ROTORCRAFT,RPAS,NANO
JJRC,HERON X9,ROTORCRAFT,RPAS,MICRO
JJRC,JJPRO X3 HAX,ROTORCRAFT,RPAS,NANO
JJRC,SOL,ROTORCRAFT,RPAS,NANO
JJRC,TERZETTO H36F,ROTORCRAFT,RPAS,NANO
JJRC,X12,ROTORCRAFT,RPAS,MICRO
Johnnette Technologies Pvt Ltd,JF3-Trainer,AEROPLANE,RPAS,MICRO
Johnnette Technologies Pvt Ltd,JR5,ROTORCRAFT,RPAS,SMALL
Johnnette Technologies Pvt Ltd,JR-1,ROTORCRAFT,RPAS,MICRO
JP Models,LEXX,AEROPLANE,RPAS,SMALL
JP Models,MAXION,AEROPLANE,RPAS,SMALL
KADET DEFENCE SYSTEMS PRIVATE LIM,JX2 NG AERIAL TARGET,AEROPLANE,RPAS,MEDIUM
KADET DEFENCE SYSTEMS PRIVATE LIM,JX3 NG Aerial Target,AEROPLANE,RPAS,MEDIUM
KADET DEFENCE SYSTEMS PRIVATE LIM,KJ 45 Aerial Rover,ROTORCRAFT,RPAS,SMALL
KADET DEFENCE SYSTEMS PRIVATE LIM,SILVERBEE IUAS,AEROPLANE,RPAS,MICRO
KAISER BAAS,ALPHA PRO DRONE,ROTORCRAFT,RPAS,NANO
KAISER BAAS,GAMMA DRONE,ROTORCRAFT,RPAS,NANO
KAISER BAAS,TRAIL 1080 GPS DRONE,ROTORCRAFT,RPAS,NANO
KLM POWER PRIVATE LIMITED,G4X1K13,ROTORCRAFT,RPAS,MICRO
KLM POWER PRIVATE LIMITED,RAPTOR V40,ROTORCRAFT,RPAS,SMALL
KYOSHO,CALIBER 5,ROTORCRAFT,RPAS,SMALL
KYOSHO,"CALMATO ALPHA 40 HIGH
 WING",AEROPLANE,RPAS,MICRO
KYOSHO,CALMATO ALPHA 40 Sports,AEROPLANE,RPAS,SMALL
Lakshya Flying Systems Pvt Ltd,NANOLIGHT,AEROPLANE,RPAS,NANO
LANYU,F4U CORSAIR,AEROPLANE,RPAS,MICRO
MAGNUMWINGS,MW-VIPER,HYBRID,RPAS,SMALL
Maurt Dronetech Private Limited,HEPICOPTER,ROTORCRAFT,RPAS,SMALL
MESCO AEROSPACE LIMITED,EXPLORER 24,AEROPLANE,RPAS,SMALL
MESCO AEROSPACE LIMITED,MICRO MAPPER MM20,AEROPLANE,RPAS,MICRO
MIXI,FALCON,ROTORCRAFT,RPAS,NANO
Mjx,X101,ROTORCRAFT,RPAS,MICRO
Mjx RC Technics,BUGS 3,ROTORCRAFT,RPAS,MICRO
Mjx RC Technics,BUGS 3 PRO,ROTORCRAFT,RPAS,MICRO
Mjx RC Technics,BUGS 4 W,ROTORCRAFT,RPAS,MICRO
Mjx RC Technics,BUGS 5 W,ROTORCRAFT,RPAS,MICRO
MODELART,SKYRAPTORX,AEROPLANE,RPAS,MICRO
MOTA GROUP INC,JETJAT,ROTORCRAFT,RPAS,MICRO
MRO TEK REALTY LIMITED,HARITA S,ROTORCRAFT,RPAS,SMALL
MRO TEK REALTY LIMITED,MITRA AG-10,ROTORCRAFT,RPAS,SMALL
MRO TEK REALTY LIMITED,RAPTOR S,ROTORCRAFT,RPAS,SMALL
MRO TEK REALTY LIMITED,RAPTOR-R,ROTORCRAFT,RPAS,SMALL
Multiplex,ACROMASTER,AEROPLANE,MODEL RPAS,MICRO
Multiplex,EASY STAR,AEROPLANE,MODEL RPAS,MICRO
Multiplex,EASY STAR II,AEROPLANE,MODEL RPAS,MICRO
Multiplex,EXTRA 330SC,AEROPLANE,MODEL RPAS,MICRO
Multiplex,FUNCUB,AEROPLANE,MODEL RPAS,MICRO
Multiplex,FUNJET 2,AEROPLANE,MODEL RPAS,MICRO
Multiplex,FUNJET-RR,AEROPLANE,MODEL RPAS,MICRO
Multiplex,SHARK,AEROPLANE,MODEL RPAS,MICRO
Multiplex,SOLIUS,AEROPLANE,MODEL RPAS,MICRO
Multiplex,TUCAN,AEROPLANE,MODEL RPAS,MICRO
Multiplex,TWINSTAR II,AEROPLANE,MODEL RPAS,MICRO
Multiplex Drone Pvt Ltd,MD-10Q,ROTORCRAFT,RPAS,SMALL
Multiplex Drone Pvt Ltd,MD-5Q,ROTORCRAFT,RPAS,SMALL
Nibrus Technologies Private Limited,SURVEYAAN ONE,ROTORCRAFT,RPAS,MICRO
Nvm Skytex Pvt Ltd,SKYBUOY,ROTORCRAFT,RPAS,SMALL
Nvm Skytex Pvt Ltd,SKYPIGEON,AEROPLANE,RPAS,SMALL
Parrot Drone SAS,ANAFI,ROTORCRAFT,RPAS,NANO
Parrot Drone SAS,ANAFI EXTENDED,ROTORCRAFT,RPAS,NANO
Parrot Drone SAS,ANAFI FPV,ROTORCRAFT,RPAS,MICRO
Parrot Drone SAS,ANAFI THERMAL,ROTORCRAFT,RPAS,MICRO
Parrot Drone SAS,AR DRONE 1.0,ROTORCRAFT,RPAS,MICRO
Parrot Drone SAS,AR.DRONE 2.0,ROTORCRAFT,RPAS,SMALL
Parrot Drone SAS,BEBOP,ROTORCRAFT,RPAS,MICRO
Parrot Drone SAS,BEBOP DRONE 2,ROTORCRAFT,RPAS,MICRO
Parrot Drone SAS,MAMBO,ROTORCRAFT,RPAS,MICRO
Parrot Drone SAS,MAMBO FLY,ROTORCRAFT,RPAS,NANO
Parrot Drone SAS,MAMBO FPV,ROTORCRAFT,RPAS,NANO
Parrot Drone SAS,MAMBO MISSION,ROTORCRAFT,RPAS,NANO
Parrot Drone SAS,SWING,HYBRID,RPAS,NANO
Phoenix Models,F4U CORSAIR,AEROPLANE,MODEL RPAS,SMALL
Phoenix Models,FUNSTAR 46,ROTORCRAFT,MODEL RPAS,MICRO
Phoenix Models,PARAGON,AEROPLANE,MODEL RPAS,SMALL
Phoenix Models,RAINBOW,ROTORCRAFT,MODEL RPAS,SMALL
Phoenix Models,SCANNER,AEROPLANE,MODEL RPAS,SMALL
Phoenix Models,SEA BEE,ROTORCRAFT,MODEL RPAS,SMALL
Phoenix Models,TB-6011,ROTORCRAFT,MODEL RPAS,MICRO
Phoenix Models,TIGER SPORTS,ROTORCRAFT,MODEL RPAS,SMALL
Phoenix Models,TIGER-3,ROTORCRAFT,MODEL RPAS,MICRO
Pioneer,GD-118,ROTORCRAFT,RPAS,MICRO
Potensic,POTENSIC A20W,ROTORCRAFT,RPAS,NANO
Potensic,POTENSIC A30W,ROTORCRAFT,RPAS,NANO
Potensic,POTENSIC D58,ROTORCRAFT,RPAS,MICRO
Potensic,POTENSIC D60,ROTORCRAFT,RPAS,MICRO
Potensic,POTENSIC D80 DRONE,ROTORCRAFT,RPAS,MICRO
Potensic,POTENSIC T25,ROTORCRAFT,RPAS,NANO
RC BAZAAR,HILLER 450 PRO-X,ROTORCRAFT,MODEL RPAS,MICRO
RC BAZAAR,PHOENIX TB 6011,ROTORCRAFT,MODEL RPAS,MICRO
RC BAZAAR,SKY SURFER,ROTORCRAFT,MODEL RPAS,MICRO
RC BAZAAR,SKY SURFER V4,AEROPLANE,MODEL RPAS,MICRO
RC FACTORY,FLASH,AEROPLANE,MODEL RPAS,MICRO
RC FACTORY,YAK 55,AEROPLANE,MODEL RPAS,NANO
RC Model,3D FLAT PLANE,ROTORCRAFT,MODEL RPAS,MICRO
RC Model,ACROMASTER,ROTORCRAFT,MODEL RPAS,MICRO
RC Model,ALIGN450PRO,ROTORCRAFT,MODEL RPAS,MICRO
RC Model,ASH-001,ROTORCRAFT,MODEL RPAS,MICRO
RC Model,CALMATO1,ROTORCRAFT,MODEL RPAS,MICRO
RC Model,CALMATO2,ROTORCRAFT,MODEL RPAS,MICRO
RC Model,DOG FIGHTER,ROTORCRAFT,MODEL RPAS,MICRO
RC Model,EXTRA 330S,AEROPLANE,MODEL RPAS,MICRO
RC Model,FREE X,ROTORCRAFT,MODEL RPAS,MICRO
RC Model,FUTURA,ROTORCRAFT,MODEL RPAS,MICRO
RC Model,GP CAP,ROTORCRAFT,MODEL RPAS,SMALL
RC Model,GP MINI STICK,ROTORCRAFT,MODEL RPAS,MICRO
RC Model,HEXACOPTER,ROTORCRAFT,MODEL RPAS,MICRO
RC Model,HK450,ROTORCRAFT,MODEL RPAS,MICRO
RC Model,JOKER,ROTORCRAFT,MODEL RPAS,MICRO
RC Model,MINI QUAD 2,ROTORCRAFT,MODEL RPAS,MICRO
RC Model,MINIQUAD,ROTORCRAFT,MODEL RPAS,MICRO
RC Model,MOJO 65 20CC,ROTORCRAFT,MODEL RPAS,MICRO
RC Model,MXS-R 70,ROTORCRAFT,MODEL RPAS,MICRO
RC Model,M-ZONE 1,ROTORCRAFT,MODEL RPAS,NANO
RC Model,M-ZONE 2,ROTORCRAFT,MODEL RPAS,NANO
RC Model,PANDA SPORT,ROTORCRAFT,MODEL RPAS,MICRO
RC Model,PILATUS PC21,ROTORCRAFT,MODEL RPAS,SMALL
RC Model,PT40,ROTORCRAFT,MODEL RPAS,MICRO
RC Model,SWIFT 3D,ROTORCRAFT,MODEL RPAS,MICRO
RC Model,SWIFT WING,ROTORCRAFT,MODEL RPAS,MICRO
RC Model,TBS DISCOVERY,ROTORCRAFT,MODEL RPAS,MICRO
RC Model,TT Mk3,ROTORCRAFT,MODEL RPAS,SMALL
RC Model,TUCAN,AEROPLANE,MODEL RPAS,MICRO
RC Model,TWINSTAR,ROTORCRAFT,MODEL RPAS,MICRO
Readytosky,S500,ROTORCRAFT,RPAS,MICRO
RFLY INNOVATIONS PRIVATE LIMITED,RFLY-MICRO X1,ROTORCRAFT,RPAS,MICRO
RYZE Tech Co Ltd,TELLO,ROTORCRAFT,RPAS,NANO
RYZE Tech Co Ltd,TELLO BOOST COMBO,ROTORCRAFT,RPAS,NANO
RYZE Tech Co Ltd,TELLO EDU,ROTORCRAFT,RPAS,NANO
RYZE Tech Co Ltd,TELLO IRON MAN,ROTORCRAFT,RPAS,NANO
Sagar Defence Engineering Private Limited,Spectre MP,ROTORCRAFT,RPAS,SMALL
Sagar Defence Engineering Private Limited,SPECTRE 2M,ROTORCRAFT,RPAS,SMALL
Seagull Model,"SEAGULL 40 LOW WING
 SPORT",AEROPLANE,RPAS,SMALL
Seagull Model,"SEAGULL ARISING STAR 40-46
 TR",AEROPLANE,RPAS,SMALL
Seagull Model,"SEAGULL EXTRA 260 180
 1820M",AEROPLANE,RPAS,SMALL
Seagull Model,"SEAGULL SEA10 40 LOW WING
 T",AEROPLANE,RPAS,SMALL
Seagull Model,"Seagull SEA334GEAR Giant
 Scale",AEROPLANE,RPAS,SMALL
SenseFly,ALBRIS,ROTORCRAFT,RPAS,MICRO
SenseFly,eBee,AEROPLANE,RPAS,MICRO
SenseFly,eBee X,AEROPLANE,RPAS,MICRO
Shandong Joyance Intelligence Technol,JT6L-606,ROTORCRAFT,RPAS,SMALL
Shenzhen HighGreat Innovation Techno,HG-B02A,ROTORCRAFT,RPAS,NANO
Shenzhen Zero Zero Infinity Technology,HOOVER,ROTORCRAFT,RPAS,MICRO
Shift,SHIT RED NANO DRONE,ROTORCRAFT,RPAS,NANO
ShoX,SENTINEL,ROTORCRAFT,RPAS,MICRO
SIG,FOUR STAR 20EP,AEROPLANE,RPAS,MICRO
SIG,PIPER J-3 CUB,AEROPLANE,RPAS,SMALL
SILVERLIT,BUMPER DRONE,ROTORCRAFT,RPAS,MICRO
SIMREX,SIMREX X900,ROTORCRAFT,RPAS,MICRO
Sirius Toys,MAX GYROSCOPE,ROTORCRAFT,RPAS,MICRO
SJRC,F11,ROTORCRAFT,RPAS,MICRO
SJRC,F11 PRO,ROTORCRAFT,RPAS,MICRO
SJRC,S70W,ROTORCRAFT,RPAS,MICRO
SJRC,Z5,ROTORCRAFT,RPAS,NANO
SKY MAX,QUADCOPTER AIRCRAFT,ROTORCRAFT,RPAS,NANO
Skydio,SKYDIO 2,ROTORCRAFT,RPAS,MICRO
Skydio,SKYDIO R1,ROTORCRAFT,RPAS,MICRO
Skydio,SKYDIO X2,ROTORCRAFT,RPAS,MICRO
SNAPTAIN,A15H,ROTORCRAFT,RPAS,MICRO
SNAPTAIN,S5C,ROTORCRAFT,RPAS,MICRO
SNAPTAIN,SP650,ROTORCRAFT,RPAS,SMALL
SX,SX WING,ROTORCRAFT,RPAS,NANO
SYMA,SYMA X8HG,ROTORCRAFT,RPAS,MICRO
SYMA,W1 PRO,ROTORCRAFT,RPAS,NANO
SYMA,X8 PRO,AEROPLANE,RPAS,MICRO
SYMA,S107G,ROTORCRAFT,RPAS,NANO
SYMA,SKY PHANTOM,ROTORCRAFT,RPAS,MICRO
SYMA,W1,ROTORCRAFT,RPAS,NANO
SYMA,X22SW,ROTORCRAFT,RPAS,MICRO
SYMA,X25 PRO,ROTORCRAFT,RPAS,NANO
SYMA,X56W-P,ROTORCRAFT,RPAS,NANO
SYMA,X5C EXPLORERS,ROTORCRAFT,RPAS,NANO
SYMA,X5HC,ROTORCRAFT,RPAS,NANO
SYMA,X5SC,ROTORCRAFT,RPAS,NANO
SYMA,X5SW,ROTORCRAFT,RPAS,MICRO
SYMA,X5UW,ROTORCRAFT,RPAS,NANO
SYMA,X5UW-D,ROTORCRAFT,RPAS,NANO
SYMA,X8HG,ROTORCRAFT,RPAS,NANO
SYMA,X8SW,ROTORCRAFT,RPAS,MICRO
SYMA,Z-3,ROTORCRAFT,RPAS,NANO
SZ DJI Technology Co. Ltd.,AGRAS MG-1S,ROTORCRAFT,RPAS,SMALL
SZ DJI Technology Co. Ltd.,DJI AIR 2S,ROTORCRAFT,RPAS,MICRO
SZ DJI Technology Co. Ltd.,DJI FPV,ROTORCRAFT,RPAS,MICRO
SZ DJI Technology Co. Ltd.,DJI MAVIC 3,ROTORCRAFT,RPAS,MICRO
SZ DJI Technology Co. Ltd.,DJI MINI 2,ROTORCRAFT,RPAS,NANO
SZ DJI Technology Co. Ltd.,DJI MINI SE,ROTORCRAFT,RPAS,NANO
SZ DJI Technology Co. Ltd.,INSPIRE 1,ROTORCRAFT,RPAS,SMALL
SZ DJI Technology Co. Ltd.,INSPIRE 1 PRO,ROTORCRAFT,RPAS,SMALL
SZ DJI Technology Co. Ltd.,INSPIRE 1 PRO/RAW,ROTORCRAFT,RPAS,SMALL
SZ DJI Technology Co. Ltd.,INSPIRE 1 RAW,ROTORCRAFT,RPAS,SMALL
SZ DJI Technology Co. Ltd.,INSPIRE 2,ROTORCRAFT,RPAS,SMALL
SZ DJI Technology Co. Ltd.,M200,ROTORCRAFT,RPAS,SMALL
SZ DJI Technology Co. Ltd.,M200 V2,ROTORCRAFT,RPAS,SMALL
SZ DJI Technology Co. Ltd.,M210,ROTORCRAFT,RPAS,SMALL
SZ DJI Technology Co. Ltd.,M210 RTK,ROTORCRAFT,RPAS,SMALL
SZ DJI Technology Co. Ltd.,M210 RTK V2,ROTORCRAFT,RPAS,SMALL
SZ DJI Technology Co. Ltd.,M210 V2,ROTORCRAFT,RPAS,SMALL
SZ DJI Technology Co. Ltd.,MATRICE 100,ROTORCRAFT,RPAS,SMALL
SZ DJI Technology Co. Ltd.,MATRICE 200 SERIES,ROTORCRAFT,RPAS,SMALL
SZ DJI Technology Co. Ltd.,MATRICE 300 RTK,ROTORCRAFT,RPAS,SMALL
SZ DJI Technology Co. Ltd.,MATRICE 600,ROTORCRAFT,RPAS,SMALL
SZ DJI Technology Co. Ltd.,MATRICE 600 PRO,ROTORCRAFT,RPAS,SMALL
SZ DJI Technology Co. Ltd.,MAVIC,ROTORCRAFT,RPAS,MICRO
SZ DJI Technology Co. Ltd.,MAVIC 2,ROTORCRAFT,RPAS,MICRO
SZ DJI Technology Co. Ltd.,MAVIC 2 ENTERPRISE,ROTORCRAFT,RPAS,MICRO
SZ DJI Technology Co. Ltd.,"MAVIC 2 ENTERPRISE
 ADVANCE",ROTORCRAFT,RPAS,MICRO
SZ DJI Technology Co. Ltd.,MAVIC 2 ENTERPRISE DUAL,ROTORCRAFT,RPAS,MICRO
SZ DJI Technology Co. Ltd.,MAVIC 2 ENTERPRISE SERIES,ROTORCRAFT,RPAS,MICRO
SZ DJI Technology Co. Ltd.,MAVIC 2 PRO,ROTORCRAFT,RPAS,MICRO
SZ DJI Technology Co. Ltd.,MAVIC 2 ZOOM,ROTORCRAFT,RPAS,MICRO
SZ DJI Technology Co. Ltd.,MAVIC 3,ROTORCRAFT,RPAS,MICRO
SZ DJI Technology Co. Ltd.,MAVIC AIR,ROTORCRAFT,RPAS,MICRO
SZ DJI Technology Co. Ltd.,MAVIC AIR 2,ROTORCRAFT,RPAS,MICRO
SZ DJI Technology Co. Ltd.,MAVIC MINI,ROTORCRAFT,RPAS,NANO
SZ DJI Technology Co. Ltd.,MAVIC MINI SE,ROTORCRAFT,RPAS,NANO
SZ DJI Technology Co. Ltd.,MAVIC PRO,ROTORCRAFT,RPAS,MICRO
SZ DJI Technology Co. Ltd.,MAVIC PRO PLATINUM,ROTORCRAFT,RPAS,MICRO
SZ DJI Technology Co. Ltd.,PHANTOM 1,ROTORCRAFT,RPAS,MICRO
SZ DJI Technology Co. Ltd.,PHANTOM 2,ROTORCRAFT,RPAS,MICRO
SZ DJI Technology Co. Ltd.,PHANTOM 2 VISION,ROTORCRAFT,RPAS,MICRO
SZ DJI Technology Co. Ltd.,PHANTOM 2 VISION+,ROTORCRAFT,RPAS,MICRO
SZ DJI Technology Co. Ltd.,PHANTOM 3,ROTORCRAFT,RPAS,MICRO
SZ DJI Technology Co. Ltd.,PHANTOM 3 4K,ROTORCRAFT,RPAS,MICRO
SZ DJI Technology Co. Ltd.,PHANTOM 3 ADVANCED,ROTORCRAFT,RPAS,MICRO
SZ DJI Technology Co. Ltd.,PHANTOM 3 PROFESSIONAL,ROTORCRAFT,RPAS,MICRO
SZ DJI Technology Co. Ltd.,PHANTOM 3 SE,ROTORCRAFT,RPAS,MICRO
SZ DJI Technology Co. Ltd.,PHANTOM 3 STANDARD,ROTORCRAFT,RPAS,MICRO
SZ DJI Technology Co. Ltd.,PHANTOM 4,ROTORCRAFT,RPAS,MICRO
SZ DJI Technology Co. Ltd.,PHANTOM 4 ADVANCED,ROTORCRAFT,RPAS,MICRO
SZ DJI Technology Co. Ltd.,PHANTOM 4 PRO,ROTORCRAFT,RPAS,MICRO
SZ DJI Technology Co. Ltd.,PHANTOM 4 PRO OBSIDIAN,ROTORCRAFT,RPAS,MICRO
SZ DJI Technology Co. Ltd.,PHANTOM 4 PRO V2.0,ROTORCRAFT,RPAS,MICRO
SZ DJI Technology Co. Ltd.,PHANTOM 4 PRO+,ROTORCRAFT,RPAS,MICRO
SZ DJI Technology Co. Ltd.,PHANTOM 4 RTK,ROTORCRAFT,RPAS,MICRO
SZ DJI Technology Co. Ltd.,SPARK,ROTORCRAFT,RPAS,MICRO
SZ DJI Technology Co. Ltd.,SPERADING WING S900,AEROPLANE,RPAS,SMALL
SZ DJI Technology Co. Ltd.,SPREADING WINGS S1000,ROTORCRAFT,RPAS,SMALL
SZ DJI Technology Co. Ltd.,TELLO,ROTORCRAFT,RPAS,NANO
SZ DJI Technology Co. Ltd.,TELLO BOOST COMBO,ROTORCRAFT,RPAS,MICRO
SZ DJI Technology Co. Ltd.,TELLO EDU,ROTORCRAFT,RPAS,NANO
Team BlackSheep,TBS Oblivion,ROTORCRAFT,RPAS,MICRO
TechEagle Innovations Private Limited,AQUILA X2,HYBRID,RPAS,SMALL
Techeagle Innovations Private Limited,PEREGRINE X,ROTORCRAFT,RPAS,SMALL
Techone Hobby,PIAGET,AEROPLANE,RPAS,MICRO
Thanos Technologies Private Limited,ABHYASA,ROTORCRAFT,RPAS,SMALL
Thanos Technologies Private Limited,STRINGER,ROTORCRAFT,RPAS,SMALL
Thanos Technologies Private Limited,Syena-H10,ROTORCRAFT,RPAS,MEDIUM
Thanos Technologies Private Limited,SYENA-Q10,ROTORCRAFT,RPAS,MEDIUM
Thanos Technologies Private Limited,SYENA-Q5,ROTORCRAFT,RPAS,SMALL
The Flyer's Bay,NANO 2.0,ROTORCRAFT,RPAS,NANO
The Flyer's Bay,SKY COBRA,ROTORCRAFT,RPAS,MICRO
THREE D ROBOTICS,SOLO,ROTORCRAFT,RPAS,MICRO
Threod Systems,EOS C VTOL,AEROPLANE,RPAS,SMALL
Throttle Aerospace Systems Pvt Ltd,LOOKOUT VTOL-LITE,ROTORCRAFT,RPAS,MICRO
Throttle Aerospace Systems Pvt Ltd,MEDCOPTER X4,ROTORCRAFT,RPAS,SMALL
Throttle Aerospace Systems Pvt Ltd,MEDCOPTER X8,ROTORCRAFT,RPAS,SMALL
Thunder Tiger,MINI TITAN,ROTORCRAFT,RPAS,MICRO
Thunder Tiger,RAPTOR 50,ROTORCRAFT,RPAS,MICRO
Toysky,S167,ROTORCRAFT,RPAS,NANO
UDIRC TECHNOLOGY CO LTD,U818A,AEROPLANE,RPAS,NANO
V Max,VISION,ROTORCRAFT,RPAS,NANO
VTOL AVIATION INDIA PVT LTD,AARAV_EHL6,AEROPLANE,RPAS,SMALL
VTOL AVIATION INDIA PVT LTD,AARAV_NX,HYBRID,RPAS,SMALL
VTOL AVIATION INDIA PVT LTD,AAVEG_ENX13,AEROPLANE,RPAS,SMALL
VTOL AVIATION INDIA PVT LTD,ABHIYAAN_NX,AEROPLANE,RPAS,SMALL
VTOL AVIATION INDIA PVT LTD,ARYA_ENX25,AEROPLANE,RPAS,SMALL
VTOL AVIATION INDIA PVT LTD,ARYA_EPR25,AEROPLANE,RPAS,SMALL
Wing Drone,W606-2,ROTORCRAFT,RPAS,MICRO
WLToys,AS350,ROTORCRAFT,RPAS,MICRO
Wltoys,V911,ROTORCRAFT,RPAS,NANO
Wltoys,V977,ROTORCRAFT,RPAS,NANO
XAG,P20,ROTORCRAFT,RPAS,SMALL
Xiaomi Corporation,FIMI A3,ROTORCRAFT,RPAS,MICRO
Xiaomi Corporation,FIMI X8 SE,ROTORCRAFT,RPAS,MICRO
Xiaomi Corporation,MI DRONE,ROTORCRAFT,RPAS,MICRO
Xiaomi Corporation,MI DRONE (1080P VERSION),AEROPLANE,RPAS,MICRO
Xiaomi Corporation,MI DRONE (4K VERSION),ROTORCRAFT,RPAS,MICRO
Xiaomi Corporation,MITU,ROTORCRAFT,RPAS,NANO
XK,XK X350,ROTORCRAFT,RPAS,MICRO
XK,XKK100,ROTORCRAFT,RPAS,MICRO
XKK,K124,ROTORCRAFT,RPAS,MICRO
XKPS,POWER STAR X1,ROTORCRAFT,RPAS,NANO
YUNEEC,BREEZE 4K,ROTORCRAFT,RPAS,MICRO
YUNEEC,H520,ROTORCRAFT,RPAS,MICRO
YUNEEC,MANTIS Q,ROTORCRAFT,RPAS,MICRO
YUNEEC,TYPHOON H PLUS,ROTORCRAFT,RPAS,SMALL
YUNEEC,TYPHOON Q500 4K,ROTORCRAFT,RPAS,MICRO
Zerotech,DOBBY,ROTORCRAFT,RPAS,NANO
zero-x,PULSE,ROTORCRAFT,RPAS,NANO
ZLRC,BEAST SG960 PRO,ROTORCRAFT,RPAS,MICRO
ZLRC,SG 907,ROTORCRAFT,RPAS,NANO
ZLRC,SG907 PRO,ROTORCRAFT,RPAS,NANO
ZMotion Autonomous Systems Pvt Ltd,EXPLORER,ROTORCRAFT,RPAS,SMALL
ZMotion Autonomous Systems Pvt Ltd,MAPBOT,ROTORCRAFT,RPAS,SMALL
VYOMAN AVIATION PVT. LTD.,Vyan 20,HYBRID,RPAS,SMALL
Aviocian Technologies Private Limited,Avio-R1,ROTORCRAFT,RPAS,MICRO
Aviocian Technologies Private Limited,Avio-PS1,ROTORCRAFT,AUTONOMOUS,SMALL
Aviocian Technologies Private Limited,Avio-H1,ROTORCRAFT,RPAS,SMALL
Aviocian Technologies Private Limited,Avio-S1,ROTORCRAFT,RPAS,MICRO
Aviocian Technologies Private Limited,Avio-A1,ROTORCRAFT,AUTONOMOUS,MICRO
Aviocian Technologies Private Limited,RC Aircraft,AEROPLANE,RPAS,MICRO
Aviocian Technologies Private Limited,Avio-AI,ROTORCRAFT,AUTONOMOUS,SMALL
Hubblefly Technologies Pvt Ltd,HF-Agristar,ROTORCRAFT,RPAS,SMALL
Hubblefly Technologies Pvt Ltd,Star Guru,ROTORCRAFT,RPAS,SMALL
INVENGRID INDIA PRIVATE Ltd,Agritics,ROTORCRAFT,RPAS,SMALL
IPAGE UM SERVICES Pvt. Ltd.,SH-600,ROTORCRAFT,RPAS,SMALL
IPAGE UM SERVICES Pvt. Ltd.,X-UAV TALON,AEROPLANE,RPAS,SMALL
IPAGE UM SERVICES Pvt. Ltd.,NIMBUS VTOL3,AEROPLANE,RPAS,SMALL
IPAGE UM SERVICES Pvt. Ltd.,NIMBUS VTOL4,AEROPLANE,RPAS,SMALL
IPAGE UM SERVICES Pvt. Ltd.,NIMBUS VTOL 6,AEROPLANE,RPAS,SMALL
IPAGE UM SERVICES Pvt. Ltd.,SH-400,ROTORCRAFT,RPAS,SMALL
IPAGE UM SERVICES Pvt. Ltd.,Sky Surfer,AEROPLANE,RPAS,MICRO
Foxtech Trade Co. Ltd,NIMBUS VTOL V2,AEROPLANE,RPAS,SMALL
DRONOBOTICS AVIATION DEVELOPERS LLP,Guru-QS,ROTORCRAFT,RPAS,SMALL
DRONOBOTICS AVIATION DEVELOPERS LLP,Guru-AS,AEROPLANE,RPAS,SMALL
DRONOBOTICS AVIATION DEVELOPERS LLP,Guru-HS Hybrid,HYBRID,RPAS,SMALL
ANRA Technologies,AN-EVTOL,ROTORCRAFT,RPAS,SMALL
INVENTGRID INDIA PRIVATE LIMITED,IG Drones,ROTORCRAFT,RPAS,MICRO
Dronobotics Aviation Developers LLP,Guru-AM,AEROPLANE,RPAS,MICRO
RAYS Aviation Technologies LLP,RAYS P1,Rotary,RPAS,Small
Detect Technologies Private Limited,NOCTUA DM,Rotorcraft,RPAS,Small
Detect Technologies Private Limited,NOCTUA MP,Rotorcraft,RPAS,Micro
Detect Technologies Private Limited,NOCTUA DS,Rotorcraft,RPAS,Micro
Detect Technologies Private Limited,NOCTUA DAM,Rotorcraft,RPAS,Small
Detect Technologies Private Limited,NOCTUA DAX SE,Rotorcraft,RPAS,Small
Detect Technologies Private Limited,NOCTUA DP,Rotorcraft,RPAS,Micro
Detect Technologies Private Limited,NOCTUA DN,Rotorcraft,RPAS,Nano
Detect Technologies Private Limited,NOCTUA SP,Rotorcraft,RPAS,Micro
Detect Technologies Private Limited,NOCTUA DAS,Rotorcraft,RPAS,Small
Detect Technologies Private Limited,NOCTUA VN,Rotorcraft,RPAS,Small
Sagar Defence Engineering Private Limited,Spectre 2X,Rotorcraft,RPAS,Small
Sagar Defence Engineering Private Limited,SDE_S3_NP_18032501,Rotorcraft,RPAS,Small
Sagar Defence Engineering Private Limited,Spectre FW2,Aeroplane,RPAS,Small
Sagar Defence Engineering Private Limited,Spectre FW1,Aeroplane,RPAS,Small
Sagar Defence Engineering Private Limited,Spectre Mini,Rotorcraft,RPAS,Micro
ideaForge Technology Pvt Ltd,Q4i-HD,Rotorcraft,RPAS,Small
Asteria Aerospace Pvt Ltd,AT-15,Hybrid,RPAS,Small
RAYS Aviation Technologies LLP,RAYS Intrepid,Rotorcraft,RPAS,Small
Techeagle Innovations Private Limited,Aquila X4,Hybrid,RPAS,Small
Techeagle Innovations Private Limited,PEREGRINE H,Rotorcraft,RPAS,Small
Techeagle Innovations Private Limited,TEZO 420,Rotorcraft,RPAS,Small
PIGEON INNOVATIVE SOLUTIONS LLP,PIS002,Rotorcraft,RPAS,Small
PIGEON INNOVATIVE SOLUTIONS LLP,PIS003,Rotorcraft,RPAS,Small